date,LGA_code_2011,Median total family income ($/weekly),Total selected
2001,10050,905,905
2001,10110,883,883
2001,10150,1127,1127
2001,10200,793,793
2001,10250,731,731
2001,10300,761,761
2001,10350,928,928
2001,10470,951,951
2001,10550,684,684
2001,10600,607,607
2001,10650,751,751
2001,10750,1008,1008
2001,10800,732,732
2001,10850,859,859
2001,10900,1089,1089
2001,10950,706,706
2001,11000,747,747
2001,11050,739,739
2001,11100,974,974
2001,11150,805,805
2001,11200,705,705
2001,11250,646,646
2001,11300,1080,1080
2001,11350,644,644
2001,11400,819,819
2001,11450,1225,1225
2001,11500,986,986
2001,11520,1424,1424
2001,11550,838,838
2001,11600,842,842
2001,11700,598,598
2001,11720,764,764
2001,11730,626,626
2001,11750,960,960
2001,11800,679,679
2001,11860,860,860
2001,12000,763,763
2001,12050,828,828
2001,12150,664,664
2001,12200,733,733
2001,12300,767,767
2001,12350,721,721
2001,12500,832,832
2001,12600,883,883
2001,12700,772,772
2001,12750,610,610
2001,12850,811,811
2001,12900,728,728
2001,12950,676,676
2001,13010,648,648
2001,13050,691,691
2001,13100,936,936
2001,13310,850,850
2001,13320,599,599
2001,13340,780,780
2001,13380,649,649
2001,13450,912,912
2001,13500,760,760
2001,13550,691,691
2001,13650,712,712
2001,13660,634,634
2001,13700,712,712
2001,13800,1080,1080
2001,13850,743,743
2001,13950,982,982
2001,14000,1485,1485
2001,14100,1775,1775
2001,14150,1069,1069
2001,14200,668,668
2001,14250,813,813
2001,14300,791,791
2001,14350,592,592
2001,14400,990,990
2001,14450,1192,1192
2001,14500,1802,1802
2001,14550,586,586
2001,14600,735,735
2001,14650,849,849
2001,14700,1740,1740
2001,14750,902,902
2001,14800,1704,1704
2001,14850,719,719
2001,14870,822,822
2001,14900,1013,1013
2001,14920,681,681
2001,14950,764,764
2001,15050,883,883
2001,15150,1655,1655
2001,15200,1140,1140
2001,15270,750,750
2001,15300,871,871
2001,15350,1936,1936
2001,15500,776,776
2001,15550,891,891
2001,15650,967,967
2001,15700,552,552
2001,15750,809,809
2001,15800,811,811
2001,15850,745,745
2001,15900,841,841
2001,15950,1877,1877
2001,16100,855,855
2001,16150,925,925
2001,16180,1189,1189
2001,16200,749,749
2001,16250,1034,1034
2001,16350,1094,1094
2001,16370,1450,1450
2001,16380,667,667
2001,16400,778,778
2001,16470,1102,1102
2001,16550,1252,1252
2001,16610,648,648
2001,16650,996,996
2001,16700,1241,1241
2001,16900,893,893
2001,16950,662,662
2001,17000,1086,1086
2001,17050,937,937
2001,17100,1145,1145
2001,17150,1355,1355
2001,17200,1399,1399
2001,17310,789,789
2001,17350,707,707
2001,17400,601,601
2001,17420,1574,1574
2001,17450,763,763
2001,17500,798,798
2001,17550,643,643
2001,17620,807,807
2001,17640,775,775
2001,17650,766,766
2001,17700,751,751
2001,17750,920,920
2001,17800,723,723
2001,17850,753,753
2001,17900,619,619
2001,17950,804,804
2001,18000,1364,1364
2001,18020,643,643
2001,18050,1473,1473
2001,18100,666,666
2001,18150,630,630
2001,18200,755,755
2001,18250,1653,1653
2001,18350,922,922
2001,18400,1083,1083
2001,18450,932,932
2001,18500,1908,1908
2001,18550,763,763
2001,18710,1050,1050
2001,18750,739,739
2001,19399,745,745
2001,20110,734,734
2001,20260,754,754
2001,20570,823,823
2001,20660,1113,1113
2001,20740,640,640
2001,20830,823,823
2001,20910,1482,1482
2001,21010,763,763
2001,21110,1593,1593
2001,21180,874,874
2001,21270,698,698
2001,21370,811,811
2001,21450,966,966
2001,21610,995,995
2001,21670,620,620
2001,21750,769,769
2001,21830,779,779
2001,21890,865,865
2001,22110,659,659
2001,22170,924,924
2001,22250,739,739
2001,22310,1170,1170
2001,22410,801,801
2001,22490,867,867
2001,22620,787,787
2001,22670,773,773
2001,22750,860,860
2001,22830,855,855
2001,22910,685,685
2001,22980,742,742
2001,23110,970,970
2001,23190,797,797
2001,23270,927,927
2001,23350,870,870
2001,23430,1023,1023
2001,23670,1107,1107
2001,23810,790,790
2001,23940,646,646
2001,24130,1039,1039
2001,24210,1217,1217
2001,24250,714,714
2001,24330,842,842
2001,24410,1081,1081
2001,24600,1265,1265
2001,24650,1014,1014
2001,24780,780,780
2001,24850,891,891
2001,24900,773,773
2001,24970,1085,1085
2001,25060,1088,1088
2001,25150,935,935
2001,25250,869,869
2001,25340,881,881
2001,25430,693,693
2001,25490,802,802
2001,25620,768,768
2001,25710,1349,1349
2001,25810,731,731
2001,25900,1395,1395
2001,25990,657,657
2001,26080,894,894
2001,26170,769,769
2001,26260,771,771
2001,26350,1604,1604
2001,26430,699,699
2001,26490,927,927
2001,26610,759,759
2001,26670,790,790
2001,26700,800,800
2001,26730,818,818
2001,26810,778,778
2001,26890,734,734
2001,26980,1117,1117
2001,27070,927,927
2001,27170,890,890
2001,27260,1041,1041
2001,27350,1245,1245
2001,27450,1002,1002
2001,27630,749,749
2001,29399,933,933
2001,30250,446,446
2001,30300,878,878
2001,30370,942,942
2001,30410,826,826
2001,30450,1054,1054
2001,30760,823,823
2001,30900,1045,1045
2001,31000,1064,1064
2001,31750,881,881
2001,31820,648,648
2001,31900,840,840
2001,31950,737,737
2001,32070,919,919
2001,32250,832,832
2001,32260,751,751
2001,32270,1176,1176
2001,32310,836,836
2001,32330,488,488
2001,32450,1063,1063
2001,32500,587,587
2001,32600,692,692
2001,32750,933,933
2001,32770,628,628
2001,33100,746,746
2001,33200,873,873
2001,33220,599,599
2001,33360,943,943
2001,33430,828,828
2001,33610,827,827
2001,33620,633,633
2001,33800,707,707
2001,33830,521,521
2001,33960,862,862
2001,33980,1399,1399
2001,34420,470,470
2001,34570,900,900
2001,34580,750,750
2001,34590,862,862
2001,34710,945,945
2001,34770,837,837
2001,34800,957,957
2001,34830,487,487
2001,34860,860,860
2001,35010,878,878
2001,35250,492,492
2001,35300,1274,1274
2001,35600,807,807
2001,35670,445,445
2001,35760,697,697
2001,35780,526,526
2001,35790,613,613
2001,35800,658,658
2001,36070,767,767
2001,36150,892,892
2001,36250,964,964
2001,36300,842,842
2001,36360,797,797
2001,36510,755,755
2001,36580,686,686
2001,36630,656,656
2001,36660,700,700
2001,36710,711,711
2001,36810,686,686
2001,36910,829,829
2001,36950,960,960
2001,36960,592,592
2001,37010,959,959
2001,37300,1471,1471
2001,37310,720,720
2001,37340,802,802
2001,37400,844,844
2001,37550,521,521
2001,37570,339,339
2001,37600,594,594
2001,39399,0,0
2001,40070,1364,1364
2001,40120,1090,1090
2001,40220,692,692
2001,40250,506,506
2001,40310,920,920
2001,40430,622,622
2001,40520,789,789
2001,40700,1367,1367
2001,40910,874,874
2001,41010,759,759
2001,41060,831,831
2001,41140,779,779
2001,41190,748,748
2001,41330,569,569
2001,41560,595,595
2001,41750,660,660
2001,41830,698,698
2001,41960,664,664
2001,42030,817,817
2001,42110,648,648
2001,42250,954,954
2001,42600,1019,1019
2001,42750,678,678
2001,43080,686,686
2001,43220,757,757
2001,43360,736,736
2001,43650,866,866
2001,43710,754,754
2001,43790,763,763
2001,43920,836,836
2001,44000,394,394
2001,44060,852,852
2001,44210,644,644
2001,44340,1110,1110
2001,44550,888,888
2001,44620,855,855
2001,44830,630,630
2001,45040,683,683
2001,45090,856,856
2001,45120,641,641
2001,45290,1029,1029
2001,45340,857,857
2001,45400,690,690
2001,45540,511,511
2001,45680,686,686
2001,45890,717,717
2001,46090,752,752
2001,46300,788,788
2001,46450,683,683
2001,46510,1110,1110
2001,46670,770,770
2001,46860,751,751
2001,46970,1549,1549
2001,47140,786,786
2001,47290,761,761
2001,47490,664,664
2001,47630,822,822
2001,47700,999,999
2001,47800,677,677
2001,47910,634,634
2001,47980,1259,1259
2001,48050,595,595
2001,48130,679,679
2001,48260,1336,1336
2001,48340,866,866
2001,48410,845,845
2001,48540,760,760
2001,48640,709,709
2001,48750,656,656
2001,48830,593,593
2001,49399,811,811
2001,50080,741,741
2001,50210,846,846
2001,50250,1667,1667
2001,50280,766,766
2001,50350,855,855
2001,50420,904,904
2001,50490,777,777
2001,50560,642,642
2001,50630,1040,1040
2001,50770,718,718
2001,50840,768,768
2001,50910,695,695
2001,50980,941,941
2001,51080,689,689
2001,51120,696,696
2001,51190,845,845
2001,51260,783,783
2001,51310,1526,1526
2001,51330,981,981
2001,51400,961,961
2001,51470,824,824
2001,51540,840,840
2001,51610,768,768
2001,51680,834,834
2001,51750,1457,1457
2001,51820,935,935
2001,51890,836,836
2001,51960,1269,1269
2001,52030,793,793
2001,52100,679,679
2001,52170,1650,1650
2001,52240,710,710
2001,52310,682,682
2001,52380,745,745
2001,52450,712,712
2001,52520,840,840
2001,52590,721,721
2001,52660,985,985
2001,52730,595,595
2001,52800,656,656
2001,52870,745,745
2001,52940,707,707
2001,53010,650,650
2001,53080,990,990
2001,53150,1255,1255
2001,53220,1337,1337
2001,53290,800,800
2001,53360,902,902
2001,53430,908,908
2001,53520,816,816
2001,53570,696,696
2001,53640,732,732
2001,53710,671,671
2001,53780,897,897
2001,53920,449,449
2001,53990,962,962
2001,54060,729,729
2001,54130,552,552
2001,54170,1132,1132
2001,54200,996,996
2001,54280,1265,1265
2001,54340,785,785
2001,54410,639,639
2001,54480,581,581
2001,54550,733,733
2001,54620,640,640
2001,54690,705,705
2001,54760,682,682
2001,54830,734,734
2001,54900,702,702
2001,54970,641,641
2001,55040,1379,1379
2001,55110,702,702
2001,55180,779,779
2001,55250,927,927
2001,55320,1143,1143
2001,55390,419,419
2001,55460,843,843
2001,55530,804,804
2001,55600,819,819
2001,55670,731,731
2001,55740,1298,1298
2001,55810,935,935
2001,55880,704,704
2001,55950,727,727
2001,56020,822,822
2001,56090,989,989
2001,56160,574,574
2001,56230,725,725
2001,56300,614,614
2001,56370,719,719
2001,56450,850,850
2001,56520,805,805
2001,56580,1624,1624
2001,56620,406,406
2001,56730,752,752
2001,56790,609,609
2001,56860,636,636
2001,56930,1918,1918
2001,57000,760,760
2001,57080,1231,1231
2001,57140,575,575
2001,57210,692,692
2001,57280,1458,1458
2001,57350,700,700
2001,57420,683,683
2001,57490,832,832
2001,57560,1492,1492
2001,57630,549,549
2001,57700,990,990
2001,57770,758,758
2001,57840,1143,1143
2001,57910,924,924
2001,57980,1436,1436
2001,58050,912,912
2001,58190,681,681
2001,58260,848,848
2001,58330,700,700
2001,58400,629,629
2001,58470,614,614
2001,58510,917,917
2001,58540,721,721
2001,58570,1100,1100
2001,58610,708,708
2001,58680,724,724
2001,58760,878,878
2001,58820,812,812
2001,58890,661,661
2001,59030,650,650
2001,59100,539,539
2001,59170,825,825
2001,59250,680,680
2001,59310,835,835
2001,59320,617,617
2001,59330,676,676
2001,59340,896,896
2001,59350,549,549
2001,59360,1071,1071
2001,59370,694,694
2001,59399,0,0
2001,60210,540,540
2001,60410,682,682
2001,60610,718,718
2001,60810,698,698
2001,61010,624,624
2001,61210,747,747
2001,61410,860,860
2001,61510,723,723
2001,61610,685,685
2001,61810,711,711
2001,62010,784,784
2001,62210,677,677
2001,62410,635,635
2001,62610,719,719
2001,62810,1053,1053
2001,63010,675,675
2001,63210,624,624
2001,63410,840,840
2001,63610,939,939
2001,63810,727,727
2001,64010,745,745
2001,64210,768,768
2001,64610,749,749
2001,64810,729,729
2001,65010,668,668
2001,65210,560,560
2001,65410,683,683
2001,65610,847,847
2001,65810,820,820
2001,69399,0,0
2001,70200,1198,1198
2001,70420,538,538
2001,70540,628,628
2001,70620,409,409
2001,70700,780,780
2001,71000,1199,1199
2001,71300,461,461
2001,72200,1098,1098
2001,72300,1108,1108
2001,72330,469,469
2001,72800,1100,1100
2001,73600,433,433
2001,74050,452,452
2001,74500,474,474
2001,74560,722,722
2001,74660,590,590
2001,79399,1540,1540
2001,89399,1311,1311
2001,99399,898,898
2006,10050,1153,1153
2006,10110,1120,1120
2006,10150,1318,1318
2006,10200,990,990
2006,10250,1020,1020
2006,10300,1009,1009
2006,10350,1077,1077
2006,10470,1177,1177
2006,10550,897,897
2006,10600,785,785
2006,10650,979,979
2006,10750,1209,1209
2006,10800,959,959
2006,10850,1078,1078
2006,10900,1342,1342
2006,10950,951,951
2006,11000,960,960
2006,11050,834,834
2006,11100,1185,1185
2006,11150,980,980
2006,11200,760,760
2006,11250,831,831
2006,11300,1218,1218
2006,11350,930,930
2006,11400,1059,1059
2006,11450,1452,1452
2006,11500,1172,1172
2006,11520,1767,1767
2006,11550,1008,1008
2006,11600,1040,1040
2006,11700,725,725
2006,11720,1017,1017
2006,11730,787,787
2006,11750,1262,1262
2006,11800,909,909
2006,11860,977,977
2006,12000,896,896
2006,12050,1092,1092
2006,12150,876,876
2006,12200,896,896
2006,12300,1017,1017
2006,12350,908,908
2006,12500,1024,1024
2006,12600,1116,1116
2006,12700,1066,1066
2006,12750,780,780
2006,12850,946,946
2006,12900,911,911
2006,12950,862,862
2006,13010,776,776
2006,13050,855,855
2006,13100,1163,1163
2006,13310,1077,1077
2006,13320,770,770
2006,13340,1037,1037
2006,13380,800,800
2006,13450,1139,1139
2006,13500,935,935
2006,13550,914,914
2006,13650,911,911
2006,13660,757,757
2006,13700,906,906
2006,13800,1300,1300
2006,13850,984,984
2006,13950,1134,1134
2006,14000,1749,1749
2006,14100,2506,2506
2006,14150,1228,1228
2006,14200,839,839
2006,14250,1017,1017
2006,14300,992,992
2006,14350,757,757
2006,14400,1236,1236
2006,14450,1369,1369
2006,14500,2531,2531
2006,14550,730,730
2006,14600,900,900
2006,14650,1113,1113
2006,14700,2300,2300
2006,14750,1075,1075
2006,14800,2307,2307
2006,14850,992,992
2006,14870,1027,1027
2006,14900,1173,1173
2006,14920,855,855
2006,14950,1036,1036
2006,15050,1175,1175
2006,15150,2263,2263
2006,15200,1465,1465
2006,15270,937,937
2006,15300,1097,1097
2006,15350,2677,2677
2006,15500,1019,1019
2006,15550,1048,1048
2006,15650,1226,1226
2006,15700,687,687
2006,15750,1039,1039
2006,15800,930,930
2006,15850,948,948
2006,15900,1146,1146
2006,15950,2512,2512
2006,16100,1123,1123
2006,16150,1153,1153
2006,16180,1551,1551
2006,16200,953,953
2006,16250,1192,1192
2006,16350,1294,1294
2006,16370,1761,1761
2006,16380,890,890
2006,16400,1033,1033
2006,16470,1524,1524
2006,16550,1577,1577
2006,16610,824,824
2006,16650,1183,1183
2006,16700,1478,1478
2006,16900,1120,1120
2006,16950,849,849
2006,17000,1425,1425
2006,17050,1212,1212
2006,17100,1273,1273
2006,17150,1643,1643
2006,17200,1813,1813
2006,17310,1046,1046
2006,17350,914,914
2006,17400,727,727
2006,17420,1838,1838
2006,17450,996,996
2006,17500,1040,1040
2006,17550,904,904
2006,17620,1103,1103
2006,17640,965,965
2006,17650,1010,1010
2006,17700,958,958
2006,17750,1151,1151
2006,17800,963,963
2006,17850,925,925
2006,17900,741,741
2006,17950,963,963
2006,18000,1681,1681
2006,18020,762,762
2006,18050,1925,1925
2006,18100,780,780
2006,18150,804,804
2006,18200,966,966
2006,18250,2065,2065
2006,18350,1165,1165
2006,18400,1320,1320
2006,18450,1164,1164
2006,18500,2654,2654
2006,18550,1014,1014
2006,18710,1388,1388
2006,18750,923,923
2006,19399,882,882
2006,20110,963,963
2006,20260,953,953
2006,20570,1079,1079
2006,20660,1364,1364
2006,20740,852,852
2006,20830,1102,1102
2006,20910,1905,1905
2006,21010,1007,1007
2006,21110,2007,2007
2006,21180,1032,1032
2006,21270,783,783
2006,21370,1033,1033
2006,21450,1199,1199
2006,21610,1187,1187
2006,21670,732,732
2006,21750,1033,1033
2006,21830,1071,1071
2006,21890,1117,1117
2006,22110,868,868
2006,22170,1136,1136
2006,22250,959,959
2006,22310,1481,1481
2006,22410,1082,1082
2006,22490,1130,1130
2006,22620,1049,1049
2006,22670,918,918
2006,22750,1103,1103
2006,22830,1071,1071
2006,22910,905,905
2006,22980,914,914
2006,23110,1205,1205
2006,23190,1073,1073
2006,23270,1112,1112
2006,23350,1150,1150
2006,23430,1256,1256
2006,23670,1309,1309
2006,23810,1053,1053
2006,23940,774,774
2006,24130,1277,1277
2006,24210,1414,1414
2006,24250,1015,1015
2006,24330,1132,1132
2006,24410,1284,1284
2006,24600,1584,1584
2006,24650,1217,1217
2006,24780,1024,1024
2006,24850,1137,1137
2006,24900,970,970
2006,24970,1287,1287
2006,25060,1338,1338
2006,25150,1169,1169
2006,25250,1119,1119
2006,25340,1126,1126
2006,25430,920,920
2006,25490,1090,1090
2006,25620,1051,1051
2006,25710,1653,1653
2006,25810,960,960
2006,25900,1856,1856
2006,25990,791,791
2006,26080,1126,1126
2006,26170,1019,1019
2006,26260,1057,1057
2006,26350,2014,2014
2006,26430,939,939
2006,26490,1198,1198
2006,26610,1021,1021
2006,26670,992,992
2006,26700,1045,1045
2006,26730,1091,1091
2006,26810,1024,1024
2006,26890,1028,1028
2006,26980,1354,1354
2006,27070,1112,1112
2006,27170,1148,1148
2006,27260,1269,1269
2006,27350,1640,1640
2006,27450,1210,1210
2006,27630,887,887
2006,29399,1166,1166
2006,30250,581,581
2006,30300,1097,1097
2006,30370,1283,1283
2006,30410,1055,1055
2006,30450,1083,1083
2006,30760,944,944
2006,30900,1166,1166
2006,31000,1414,1414
2006,31750,1239,1239
2006,31820,862,862
2006,31900,1089,1089
2006,31950,1073,1073
2006,32070,1192,1192
2006,32250,1075,1075
2006,32260,1032,1032
2006,32270,1689,1689
2006,32310,1060,1060
2006,32330,586,586
2006,32450,1391,1391
2006,32500,896,896
2006,32600,1014,1014
2006,32750,1170,1170
2006,32770,609,609
2006,33100,945,945
2006,33200,1086,1086
2006,33220,811,811
2006,33360,1319,1319
2006,33430,1157,1157
2006,33610,1084,1084
2006,33620,851,851
2006,33800,1015,1015
2006,33830,733,733
2006,33960,1135,1135
2006,33980,1966,1966
2006,34420,739,739
2006,34570,714,714
2006,34580,990,990
2006,34590,1147,1147
2006,34710,1138,1138
2006,34770,1287,1287
2006,34800,1092,1092
2006,34830,531,531
2006,34860,1134,1134
2006,35010,1168,1168
2006,35250,552,552
2006,35300,1673,1673
2006,35600,1048,1048
2006,35670,587,587
2006,35760,868,868
2006,35780,676,676
2006,35790,670,670
2006,35800,784,784
2006,36070,741,741
2006,36150,1029,1029
2006,36250,1246,1246
2006,36300,1053,1053
2006,36360,1100,1100
2006,36510,1055,1055
2006,36580,917,917
2006,36630,854,854
2006,36660,911,911
2006,36710,1054,1054
2006,36810,924,924
2006,36910,1102,1102
2006,36950,1099,1099
2006,36960,691,691
2006,37010,1248,1248
2006,37300,2076,2076
2006,37310,1022,1022
2006,37340,1144,1144
2006,37400,1113,1113
2006,37550,487,487
2006,37570,781,781
2006,37600,683,683
2006,39399,0,0
2006,40070,1696,1696
2006,40120,1379,1379
2006,40220,902,902
2006,40250,585,585
2006,40310,1155,1155
2006,40430,785,785
2006,40520,1000,1000
2006,40700,1746,1746
2006,40910,1137,1137
2006,41010,1034,1034
2006,41060,1103,1103
2006,41140,1052,1052
2006,41190,1016,1016
2006,41330,755,755
2006,41560,771,771
2006,41750,903,903
2006,41830,867,867
2006,41960,1013,1013
2006,42030,1076,1076
2006,42110,798,798
2006,42250,1187,1187
2006,42600,1339,1339
2006,42750,1008,1008
2006,43080,832,832
2006,43220,1036,1036
2006,43360,935,935
2006,43650,1179,1179
2006,43710,1037,1037
2006,43790,1022,1022
2006,43920,1092,1092
2006,44000,700,700
2006,44060,1135,1135
2006,44210,783,783
2006,44340,1423,1423
2006,44550,1178,1178
2006,44620,1062,1062
2006,44830,819,819
2006,45040,893,893
2006,45090,1102,1102
2006,45120,881,881
2006,45290,1357,1357
2006,45340,1097,1097
2006,45400,774,774
2006,45540,641,641
2006,45680,900,900
2006,45890,1009,1009
2006,46090,1030,1030
2006,46300,1058,1058
2006,46450,886,886
2006,46510,1430,1430
2006,46670,1010,1010
2006,46860,1078,1078
2006,46970,2187,2187
2006,47140,1038,1038
2006,47290,1001,1001
2006,47490,963,963
2006,47630,1087,1087
2006,47700,1229,1229
2006,47800,843,843
2006,47910,819,819
2006,47980,1648,1648
2006,48050,767,767
2006,48130,928,928
2006,48260,1796,1796
2006,48340,1057,1057
2006,48410,1114,1114
2006,48540,1041,1041
2006,48640,972,972
2006,48750,795,795
2006,48830,746,746
2006,49399,1094,1094
2006,50080,1061,1061
2006,50210,1140,1140
2006,50250,2404,2404
2006,50280,1082,1082
2006,50350,1180,1180
2006,50420,1210,1210
2006,50490,1116,1116
2006,50560,778,778
2006,50630,1278,1278
2006,50770,1018,1018
2006,50840,1031,1031
2006,50910,933,933
2006,50980,1259,1259
2006,51080,953,953
2006,51120,1045,1045
2006,51190,1154,1154
2006,51260,1121,1121
2006,51310,2117,2117
2006,51330,1274,1274
2006,51400,1344,1344
2006,51470,1060,1060
2006,51540,1093,1093
2006,51610,1003,1003
2006,51680,1165,1165
2006,51750,2038,2038
2006,51820,1279,1279
2006,51890,1179,1179
2006,51960,1661,1661
2006,52030,1117,1117
2006,52100,1085,1085
2006,52170,2396,2396
2006,52240,990,990
2006,52310,982,982
2006,52380,781,781
2006,52450,952,952
2006,52520,1123,1123
2006,52590,1057,1057
2006,52660,1247,1247
2006,52730,834,834
2006,52800,790,790
2006,52870,1099,1099
2006,52940,1050,1050
2006,53010,945,945
2006,53080,1096,1096
2006,53150,1771,1771
2006,53220,1996,1996
2006,53290,1094,1094
2006,53360,1195,1195
2006,53430,1277,1277
2006,53520,1137,1137
2006,53570,992,992
2006,53640,1039,1039
2006,53710,996,996
2006,53780,1184,1184
2006,53920,604,604
2006,53990,1259,1259
2006,54060,1073,1073
2006,54130,1033,1033
2006,54170,1479,1479
2006,54200,1310,1310
2006,54280,1683,1683
2006,54340,1057,1057
2006,54410,841,841
2006,54480,1129,1129
2006,54550,1074,1074
2006,54620,1058,1058
2006,54690,759,759
2006,54760,1130,1130
2006,54830,1058,1058
2006,54900,1114,1114
2006,54970,837,837
2006,55040,1706,1706
2006,55110,1042,1042
2006,55180,1004,1004
2006,55250,1100,1100
2006,55320,1525,1525
2006,55390,574,574
2006,55460,1132,1132
2006,55530,746,746
2006,55600,1153,1153
2006,55670,1013,1013
2006,55740,1847,1847
2006,55810,1171,1171
2006,55880,1066,1066
2006,55950,915,915
2006,56020,1072,1072
2006,56090,1313,1313
2006,56160,1083,1083
2006,56230,1072,1072
2006,56300,979,979
2006,56370,1012,1012
2006,56450,1281,1281
2006,56520,1093,1093
2006,56580,2443,2443
2006,56620,510,510
2006,56730,1013,1013
2006,56790,835,835
2006,56860,933,933
2006,56930,2880,2880
2006,57000,900,900
2006,57080,1838,1838
2006,57140,797,797
2006,57210,934,934
2006,57280,2060,2060
2006,57350,914,914
2006,57420,1228,1228
2006,57490,1185,1185
2006,57560,2235,2235
2006,57630,1208,1208
2006,57700,1332,1332
2006,57770,1062,1062
2006,57840,1623,1623
2006,57910,1275,1275
2006,57980,1982,1982
2006,58050,1206,1206
2006,58190,969,969
2006,58260,1110,1110
2006,58330,1047,1047
2006,58400,1055,1055
2006,58470,742,742
2006,58510,1240,1240
2006,58540,1092,1092
2006,58570,1593,1593
2006,58610,1015,1015
2006,58680,1008,1008
2006,58760,1205,1205
2006,58820,1153,1153
2006,58890,993,993
2006,59030,1187,1187
2006,59100,934,934
2006,59170,1184,1184
2006,59250,844,844
2006,59310,1137,1137
2006,59320,1081,1081
2006,59330,838,838
2006,59340,1213,1213
2006,59350,1018,1018
2006,59360,1202,1202
2006,59370,1035,1035
2006,59399,0,0
2006,60210,678,678
2006,60410,929,929
2006,60610,947,947
2006,60810,975,975
2006,61010,713,713
2006,61210,1018,1018
2006,61410,1139,1139
2006,61510,924,924
2006,61610,914,914
2006,61810,845,845
2006,62010,1052,1052
2006,62210,853,853
2006,62410,834,834
2006,62610,986,986
2006,62810,1386,1386
2006,63010,874,874
2006,63210,843,843
2006,63410,1097,1097
2006,63610,1196,1196
2006,63810,1017,1017
2006,64010,1014,1014
2006,64210,1037,1037
2006,64610,1009,1009
2006,64810,986,986
2006,65010,942,942
2006,65210,647,647
2006,65410,954,954
2006,65610,1006,1006
2006,65810,1089,1089
2006,69399,0,0
2006,70200,1504,1504
2006,70420,634,634
2006,70540,643,643
2006,70620,595,595
2006,70700,923,923
2006,71000,1528,1528
2006,71300,577,577
2006,72200,1344,1344
2006,72300,1470,1470
2006,72330,575,575
2006,72800,1415,1415
2006,73600,585,585
2006,74050,551,551
2006,74500,591,591
2006,74560,1267,1267
2006,74660,705,705
2006,79399,2040,2040
2006,89399,1764,1764
2006,99399,1235,1235
2011,10050,1360,1360
2011,10110,1292,1292
2011,10150,1689,1689
2011,10200,1161,1161
2011,10250,1153,1153
2011,10300,1126,1126
2011,10350,1228,1228
2011,10470,1437,1437
2011,10550,1014,1014
2011,10600,938,938
2011,10650,958,958
2011,10750,1492,1492
2011,10800,1072,1072
2011,10850,1376,1376
2011,10900,1624,1624
2011,10950,1182,1182
2011,11000,1010,1010
2011,11050,1081,1081
2011,11100,1488,1488
2011,11150,1238,1238
2011,11200,782,782
2011,11250,994,994
2011,11300,1441,1441
2011,11350,1053,1053
2011,11400,1293,1293
2011,11450,1865,1865
2011,11500,1390,1390
2011,11520,2152,2152
2011,11550,1149,1149
2011,11600,1143,1143
2011,11700,889,889
2011,11720,1265,1265
2011,11730,924,924
2011,11750,1587,1587
2011,11800,1097,1097
2011,11860,1015,1015
2011,12000,1037,1037
2011,12050,1254,1254
2011,12150,976,976
2011,12200,1026,1026
2011,12300,1093,1093
2011,12350,1003,1003
2011,12500,1169,1169
2011,12600,1340,1340
2011,12700,1278,1278
2011,12750,939,939
2011,12850,1065,1065
2011,12900,1010,1010
2011,12950,932,932
2011,13010,915,915
2011,13050,971,971
2011,13100,1395,1395
2011,13310,1281,1281
2011,13320,881,881
2011,13340,1181,1181
2011,13380,930,930
2011,13450,1288,1288
2011,13500,1130,1130
2011,13550,1200,1200
2011,13650,985,985
2011,13660,907,907
2011,13700,1030,1030
2011,13800,1598,1598
2011,13850,981,981
2011,13950,1353,1353
2011,14000,2119,2119
2011,14100,2715,2715
2011,14150,1475,1475
2011,14200,963,963
2011,14250,1068,1068
2011,14300,1142,1142
2011,14350,902,902
2011,14400,1522,1522
2011,14450,1667,1667
2011,14500,2679,2679
2011,14550,883,883
2011,14600,985,985
2011,14650,1396,1396
2011,14700,2637,2637
2011,14750,1195,1195
2011,14800,2738,2738
2011,14850,1123,1123
2011,14870,1190,1190
2011,14900,1401,1401
2011,14920,988,988
2011,14950,1069,1069
2011,15050,1555,1555
2011,15150,2649,2649
2011,15200,1964,1964
2011,15270,1204,1204
2011,15300,1253,1253
2011,15350,2838,2838
2011,15500,1043,1043
2011,15550,1109,1109
2011,15650,1697,1697
2011,15700,853,853
2011,15750,1246,1246
2011,15800,1013,1013
2011,15850,1084,1084
2011,15900,1530,1530
2011,15950,2768,2768
2011,16100,1272,1272
2011,16150,1472,1472
2011,16180,2104,2104
2011,16200,1131,1131
2011,16250,1451,1451
2011,16350,1582,1582
2011,16370,2137,2137
2011,16380,1008,1008
2011,16400,1246,1246
2011,16470,2066,2066
2011,16550,2066,2066
2011,16610,956,956
2011,16650,1443,1443
2011,16700,1841,1841
2011,16900,1346,1346
2011,16950,984,984
2011,17000,1927,1927
2011,17050,1405,1405
2011,17100,1595,1595
2011,17150,2014,2014
2011,17200,2273,2273
2011,17310,1181,1181
2011,17350,978,978
2011,17400,865,865
2011,17420,2188,2188
2011,17450,1108,1108
2011,17500,1208,1208
2011,17550,1045,1045
2011,17620,1392,1392
2011,17640,1192,1192
2011,17650,1128,1128
2011,17700,854,854
2011,17750,1418,1418
2011,17800,985,985
2011,17850,1077,1077
2011,17900,959,959
2011,17950,1128,1128
2011,18000,2080,2080
2011,18020,869,869
2011,18050,2496,2496
2011,18100,874,874
2011,18150,950,950
2011,18200,1095,1095
2011,18250,2479,2479
2011,18350,1348,1348
2011,18400,1661,1661
2011,18450,1426,1426
2011,18500,2832,2832
2011,18550,1171,1171
2011,18710,1917,1917
2011,18750,995,995
2011,19399,1145,1145
2011,20110,1069,1069
2011,20260,1055,1055
2011,20570,1272,1272
2011,20660,1731,1731
2011,20740,1071,1071
2011,20830,1273,1273
2011,20910,2426,2426
2011,21010,1074,1074
2011,21110,2505,2505
2011,21180,1195,1195
2011,21270,959,959
2011,21370,1099,1099
2011,21450,1479,1479
2011,21610,1450,1450
2011,21670,864,864
2011,21750,1161,1161
2011,21830,1149,1149
2011,21890,1438,1438
2011,22110,990,990
2011,22170,1396,1396
2011,22250,962,962
2011,22310,1925,1925
2011,22410,1178,1178
2011,22490,1385,1385
2011,22620,1245,1245
2011,22670,1050,1050
2011,22750,1341,1341
2011,22830,1206,1206
2011,22910,1072,1072
2011,22980,990,990
2011,23110,1568,1568
2011,23190,1207,1207
2011,23270,1309,1309
2011,23350,1321,1321
2011,23430,1625,1625
2011,23670,1610,1610
2011,23810,1236,1236
2011,23940,880,880
2011,24130,1661,1661
2011,24210,1713,1713
2011,24250,1146,1146
2011,24330,1525,1525
2011,24410,1615,1615
2011,24600,1962,1962
2011,24650,1486,1486
2011,24780,1092,1092
2011,24850,1368,1368
2011,24900,1001,1001
2011,24970,1549,1549
2011,25060,1776,1776
2011,25150,1409,1409
2011,25250,1452,1452
2011,25340,1351,1351
2011,25430,1078,1078
2011,25490,1276,1276
2011,25620,1161,1161
2011,25710,2070,2070
2011,25810,1053,1053
2011,25900,2371,2371
2011,25990,910,910
2011,26080,1422,1422
2011,26170,1148,1148
2011,26260,1187,1187
2011,26350,2465,2465
2011,26430,1027,1027
2011,26490,1516,1516
2011,26610,1089,1089
2011,26670,1052,1052
2011,26700,1170,1170
2011,26730,1296,1296
2011,26810,1168,1168
2011,26890,1033,1033
2011,26980,1682,1682
2011,27070,1375,1375
2011,27170,1317,1317
2011,27260,1556,1556
2011,27350,2198,2198
2011,27450,1492,1492
2011,27630,986,986
2011,29399,1339,1339
2011,30250,633,633
2011,30300,1202,1202
2011,30370,1646,1646
2011,30410,1252,1252
2011,30450,1363,1363
2011,30760,1170,1170
2011,30900,1237,1237
2011,31000,1873,1873
2011,31750,1347,1347
2011,31820,980,980
2011,31900,1284,1284
2011,31950,1231,1231
2011,32070,1393,1393
2011,32250,1310,1310
2011,32260,1145,1145
2011,32270,2321,2321
2011,32310,1221,1221
2011,32330,717,717
2011,32450,1871,1871
2011,32500,1062,1062
2011,32600,1053,1053
2011,32750,1196,1196
2011,32770,683,683
2011,33100,944,944
2011,33200,1175,1175
2011,33220,912,912
2011,33360,1941,1941
2011,33430,1379,1379
2011,33610,1232,1232
2011,33620,947,947
2011,33800,1187,1187
2011,33830,738,738
2011,33960,1398,1398
2011,33980,2671,2671
2011,34420,760,760
2011,34570,1062,1062
2011,34580,1163,1163
2011,34590,1381,1381
2011,34710,1422,1422
2011,34770,1821,1821
2011,34800,1410,1410
2011,34830,854,854
2011,34860,1444,1444
2011,35010,1451,1451
2011,35250,690,690
2011,35300,2397,2397
2011,35600,1259,1259
2011,35670,692,692
2011,35760,950,950
2011,35780,907,907
2011,35790,954,954
2011,35800,1165,1165
2011,36070,768,768
2011,36150,1134,1134
2011,36250,1604,1604
2011,36300,1104,1104
2011,36360,1435,1435
2011,36510,1212,1212
2011,36580,1069,1069
2011,36630,952,952
2011,36660,1001,1001
2011,36710,1219,1219
2011,36810,1049,1049
2011,36910,1308,1308
2011,36950,1577,1577
2011,36960,788,788
2011,37010,1626,1626
2011,37300,2647,2647
2011,37310,1294,1294
2011,37340,1405,1405
2011,37400,1081,1081
2011,37550,706,706
2011,37570,614,614
2011,37600,728,728
2011,39399,0,0
2011,40070,1870,1870
2011,40120,1798,1798
2011,40220,1019,1019
2011,40250,691,691
2011,40310,1394,1394
2011,40430,918,918
2011,40520,997,997
2011,40700,2123,2123
2011,40910,1366,1366
2011,41010,1327,1327
2011,41060,1345,1345
2011,41140,1193,1193
2011,41190,1136,1136
2011,41330,1057,1057
2011,41560,926,926
2011,41750,988,988
2011,41830,1166,1166
2011,41960,992,992
2011,42030,1253,1253
2011,42110,940,940
2011,42250,1372,1372
2011,42600,1727,1727
2011,42750,1053,1053
2011,43080,887,887
2011,43220,1365,1365
2011,43360,988,988
2011,43650,1457,1457
2011,43710,1238,1238
2011,43790,1070,1070
2011,43920,1317,1317
2011,44000,724,724
2011,44060,1422,1422
2011,44210,931,931
2011,44340,1815,1815
2011,44550,1502,1502
2011,44620,1174,1174
2011,44830,994,994
2011,45040,1026,1026
2011,45090,1243,1243
2011,45120,1069,1069
2011,45290,1677,1677
2011,45340,1311,1311
2011,45400,1090,1090
2011,45540,727,727
2011,45680,1063,1063
2011,45890,1221,1221
2011,46090,1245,1245
2011,46300,1203,1203
2011,46450,1006,1006
2011,46510,1821,1821
2011,46670,1052,1052
2011,46860,1206,1206
2011,46970,2840,2840
2011,47140,1193,1193
2011,47290,1060,1060
2011,47490,1044,1044
2011,47630,1152,1152
2011,47700,1493,1493
2011,47800,964,964
2011,47910,1012,1012
2011,47980,2065,2065
2011,48050,905,905
2011,48130,1041,1041
2011,48260,2118,2118
2011,48340,1131,1131
2011,48410,1359,1359
2011,48540,1276,1276
2011,48640,1262,1262
2011,48750,946,946
2011,48830,889,889
2011,49399,1340,1340
2011,50080,1269,1269
2011,50210,1534,1534
2011,50250,2831,2831
2011,50280,1327,1327
2011,50350,1620,1620
2011,50420,1622,1622
2011,50490,1556,1556
2011,50560,909,909
2011,50630,2225,2225
2011,50770,1178,1178
2011,50840,1117,1117
2011,50910,1055,1055
2011,50980,1809,1809
2011,51080,1023,1023
2011,51120,1088,1088
2011,51190,1445,1445
2011,51260,1334,1334
2011,51310,2750,2750
2011,51330,1719,1719
2011,51400,1783,1783
2011,51470,1231,1231
2011,51540,1372,1372
2011,51610,1413,1413
2011,51680,1577,1577
2011,51750,2612,2612
2011,51820,1820,1820
2011,51890,1695,1695
2011,51960,2177,2177
2011,52030,1125,1125
2011,52100,1113,1113
2011,52170,2799,2799
2011,52240,1031,1031
2011,52310,991,991
2011,52380,840,840
2011,52450,1239,1239
2011,52520,1488,1488
2011,52590,1283,1283
2011,52660,1697,1697
2011,52730,1042,1042
2011,52800,1048,1048
2011,52870,1278,1278
2011,52940,1023,1023
2011,53010,958,958
2011,53080,1555,1555
2011,53150,2530,2530
2011,53220,2756,2756
2011,53290,1401,1401
2011,53360,1719,1719
2011,53430,1863,1863
2011,53520,1492,1492
2011,53570,1123,1123
2011,53640,1307,1307
2011,53710,1042,1042
2011,53780,1561,1561
2011,53920,755,755
2011,53990,1683,1683
2011,54060,1283,1283
2011,54130,1191,1191
2011,54170,2036,2036
2011,54200,1779,1779
2011,54280,2280,2280
2011,54340,1149,1149
2011,54410,1027,1027
2011,54480,1083,1083
2011,54550,1158,1158
2011,54620,992,992
2011,54690,859,859
2011,54760,1130,1130
2011,54830,1451,1451
2011,54900,1302,1302
2011,54970,793,793
2011,55040,2200,2200
2011,55110,1254,1254
2011,55180,1122,1122
2011,55250,1097,1097
2011,55320,2130,2130
2011,55390,700,700
2011,55460,1458,1458
2011,55530,1399,1399
2011,55600,1361,1361
2011,55670,1256,1256
2011,55740,2555,2555
2011,55810,885,885
2011,55880,1275,1275
2011,55950,1312,1312
2011,56020,1220,1220
2011,56090,1779,1779
2011,56160,1187,1187
2011,56230,1325,1325
2011,56300,984,984
2011,56370,1181,1181
2011,56450,1423,1423
2011,56520,1181,1181
2011,56580,2779,2779
2011,56620,595,595
2011,56730,1242,1242
2011,56790,936,936
2011,56860,866,866
2011,56930,2912,2912
2011,57000,1471,1471
2011,57080,2448,2448
2011,57140,910,910
2011,57210,1093,1093
2011,57280,2944,2944
2011,57350,1010,1010
2011,57420,1593,1593
2011,57490,1656,1656
2011,57560,2952,2952
2011,57630,2449,2449
2011,57700,1763,1763
2011,57770,1312,1312
2011,57840,2259,2259
2011,57910,1783,1783
2011,57980,2565,2565
2011,58050,1648,1648
2011,58190,972,972
2011,58260,1125,1125
2011,58330,1275,1275
2011,58400,1166,1166
2011,58470,650,650
2011,58510,1844,1844
2011,58540,1238,1238
2011,58570,2309,2309
2011,58610,1127,1127
2011,58680,1559,1559
2011,58760,1691,1691
2011,58820,1422,1422
2011,58890,962,962
2011,59030,1292,1292
2011,59100,911,911
2011,59170,1289,1289
2011,59250,885,885
2011,59310,1423,1423
2011,59320,963,963
2011,59330,893,893
2011,59340,1718,1718
2011,59350,1375,1375
2011,59360,1434,1434
2011,59370,1156,1156
2011,59399,0,0
2011,60210,831,831
2011,60410,1083,1083
2011,60610,1080,1080
2011,60810,1108,1108
2011,61010,866,866
2011,61210,1156,1156
2011,61410,1400,1400
2011,61510,1080,1080
2011,61610,1048,1048
2011,61810,922,922
2011,62010,963,963
2011,62210,972,972
2011,62410,908,908
2011,62610,1126,1126
2011,62810,1782,1782
2011,63010,1058,1058
2011,63210,962,962
2011,63410,1357,1357
2011,63610,1473,1473
2011,63810,1136,1136
2011,64010,1175,1175
2011,64210,1175,1175
2011,64610,1137,1137
2011,64810,1184,1184
2011,65010,1036,1036
2011,65210,784,784
2011,65410,1070,1070
2011,65610,1284,1284
2011,65810,1286,1286
2011,69399,0,0
2011,70200,1974,1974
2011,70420,763,763
2011,70540,766,766
2011,70620,625,625
2011,70700,1066,1066
2011,71000,2063,2063
2011,71300,728,728
2011,72200,1759,1759
2011,72300,2010,2010
2011,72330,571,571
2011,72800,2009,2009
2011,73600,727,727
2011,74050,589,589
2011,74500,650,650
2011,74560,1922,1922
2011,74660,997,997
2011,79399,2513,2513
2011,89399,2277,2277
2011,99399,1753,1753